<?xml version="1.0" encoding="UTF-8"?>
<beans
	xmlns="http://www.springframework.org/schema/beans"
	xmlns:xsi="http://www.w3.org/2001/XMLSchema-instance"
	xmlns:aop="http://www.springframework.org/schema/aop"
	xmlns:context="http://www.springframework.org/schema/context"
	xmlns:tx="http://www.springframework.org/schema/tx"
	xmlns:util="http://www.springframework.org/schema/util"
	xmlns:jdbc="http://www.springframework.org/schema/jdbc"
	xmlns:mybatis="http://mybatis.org/schema/mybatis-spring"
	xsi:schemaLocation="
     http://www.springframework.org/schema/context http://www.springframework.org/schema/context/spring-context-4.1.xsd
     http://www.springframework.org/schema/beans http://www.springframework.org/schema/beans/spring-beans-4.1.xsd
     http://www.springframework.org/schema/aop http://www.springframework.org/schema/aop/spring-aop-4.1.xsd
     http://www.springframework.org/schema/tx http://www.springframework.org/schema/tx/spring-tx-4.1.xsd
     http://www.springframework.org/schema/tx http://www.springframework.org/schema/tx/spring-jdbc-4.1.xsd
     http://www.springframework.org/schema/util http://www.springframework.org/schema/util/spring-util.xsd
     http://mybatis.org/schema/mybatis-spring http://mybatis.org/schema/mybatis-spring.xsd">

   <!--  <bean id="transactionManager"
        class="org.springframework.jdbc.datasource.DataSourceTransactionManager">
        <property name="dataSource" ref="dataSource" />
    </bean> -->

    <tx:advice id="txAdvice" transaction-manager="transactionManager">
		<tx:attributes>
			<!-- mybatis 默认方法名 -->
			<tx:method name="delete*" propagation="REQUIRED"/>
			<tx:method name="insert*" propagation="REQUIRED"/>
			<tx:method name="update*" propagation="REQUIRED"/>
			<tx:method name="select*" propagation="SUPPORTS" read-only="true"/>
			<tx:method name="count*" propagation="SUPPORTS" read-only="true"/>
			<tx:method name="batch*" propagation="REQUIRED"/>
			
			<!-- mybatis 扩展方法名-->
			<tx:method name="xBatch*" propagation="REQUIRED"/>
			<tx:method name="xDelete*" propagation="REQUIRED" rollback-for="Throwable"/>
			<tx:method name="xInsert*" propagation="REQUIRED" rollback-for="Throwable"/>
			<tx:method name="xUpdate*" propagation="REQUIRED" rollback-for="Throwable"/>
			<tx:method name="xSelect*" propagation="SUPPORTS" read-only="true"/>
			<tx:method name="xCount*" propagation="SUPPORTS" read-only="true"/>
			
			<tx:method name="*" propagation="SUPPORTS" read-only="true"/>
		</tx:attributes>
	</tx:advice>
	
	<aop:config>
		<aop:pointcut id="mapperPoint" expression="execution(* com.aobei.*.mapper.*Mapper.*(..))" />
		<aop:pointcut id="servicePoint" expression="execution(* com.aobei.*.service.*Service.*(..))" />
		<aop:pointcut id="baseServicePoint" expression="execution(* com.github.liyiorg.mbg.support.service.*Service.*(..))" />
		
		<aop:advisor advice-ref="txAdvice" pointcut-ref="mapperPoint" />
		<aop:advisor advice-ref="txAdvice" pointcut-ref="servicePoint" />
		<aop:advisor advice-ref="txAdvice" pointcut-ref="baseServicePoint" />
	</aop:config>

</beans>
