<?xml version="1.0" encoding="UTF-8"?>
<configuration scan="true">
    <contextName>API</contextName>
	<!-- use Spring default values -->
    <include resource="org/springframework/boot/logging/logback/defaults.xml"/>
    <!--设置系统日志目录-->
    <property name="LOG_PATH" value="/var/log/apps/train-console"/>
    
    <!-- 此日志文件只记录error级别的 -->
    <!-- <appender name="FILEERROR" class="ch.qos.logback.core.rolling.RollingFileAppender">
        <file>${LOG_PATH}/log_error.log</file>
        <rollingPolicy class="ch.qos.logback.core.rolling.TimeBasedRollingPolicy">
            <fileNamePattern>${LOG_PATH}/error/log-error-%d{yyyy-MM-dd}.%i.log</fileNamePattern>
            <timeBasedFileNamingAndTriggeringPolicy class="ch.qos.logback.core.rolling.SizeAndTimeBasedFNATP">
                <maxFileSize>10MB</maxFileSize>
            </timeBasedFileNamingAndTriggeringPolicy>
        </rollingPolicy>
        <encoder>
           	<pattern>${CONSOLE_LOG_PATTERN}</pattern>
            <charset>utf8</charset>
        </encoder>
        <filter class="ch.qos.logback.classic.filter.LevelFilter">
            <level>error</level>
            <onMatch>ACCEPT</onMatch>
            <onMismatch>DENY</onMismatch>
        </filter>
    </appender> -->

	<!-- 此日志文件只记录warn级别的 -->
    <!-- <appender name="FILEWARN" class="ch.qos.logback.core.rolling.RollingFileAppender">
        <file>${LOG_PATH}/log_warn.log</file>
        <rollingPolicy class="ch.qos.logback.core.rolling.TimeBasedRollingPolicy">
            <fileNamePattern>${LOG_PATH}/warn/log-warn-%d{yyyy-MM-dd}.%i.log</fileNamePattern>
            <timeBasedFileNamingAndTriggeringPolicy class="ch.qos.logback.core.rolling.SizeAndTimeBasedFNATP">
                <maxFileSize>10MB</maxFileSize>
            </timeBasedFileNamingAndTriggeringPolicy>
        </rollingPolicy>
        <encoder>
            <pattern>${CONSOLE_LOG_PATTERN}</pattern>
            <charset>utf8</charset>
        </encoder>
        <filter class="ch.qos.logback.classic.filter.LevelFilter">
            <level>warn</level>
            <onMatch>ACCEPT</onMatch>
            <onMismatch>DENY</onMismatch>
        </filter>
    </appender> -->

    <!-- 此日志文件只记录info级别的 -->
   <!--  <appender name="FILEINFO" class="ch.qos.logback.core.rolling.RollingFileAppender">
        <file>${LOG_PATH}/log_info.log</file>
        <rollingPolicy class="ch.qos.logback.core.rolling.TimeBasedRollingPolicy">
            <fileNamePattern>${LOG_PATH}/info/log-info-%d{yyyy-MM-dd}.%i.log</fileNamePattern>
            <timeBasedFileNamingAndTriggeringPolicy class="ch.qos.logback.core.rolling.SizeAndTimeBasedFNATP">
                <maxFileSize>10MB</maxFileSize>
            </timeBasedFileNamingAndTriggeringPolicy>
        </rollingPolicy>
        <encoder>
            <pattern>${CONSOLE_LOG_PATTERN}</pattern>
            <charset>utf8</charset>
        </encoder>
        <filter class="ch.qos.logback.classic.filter.LevelFilter">
            <level>info</level>
            <onMatch>ACCEPT</onMatch>
            <onMismatch>DENY</onMismatch>
        </filter>
    </appender> -->
    
    <appender name="CONSOLE" class="ch.qos.logback.core.ConsoleAppender">
        <encoder>
            <pattern>${CONSOLE_LOG_PATTERN}</pattern>
            <charset>utf8</charset>
        </encoder>
    </appender>
    
    <appender name="FILE" class="ch.qos.logback.core.rolling.RollingFileAppender">
        <file>${LOG_PATH}/spring.log</file>
        <rollingPolicy class="ch.qos.logback.core.rolling.TimeBasedRollingPolicy">
            <fileNamePattern>${LOG_PATH}/spring-%d{yyyy-MM-dd}.%i.log</fileNamePattern>
            <timeBasedFileNamingAndTriggeringPolicy class="ch.qos.logback.core.rolling.SizeAndTimeBasedFNATP">
                <maxFileSize>10MB</maxFileSize>
            </timeBasedFileNamingAndTriggeringPolicy>
        </rollingPolicy>
        <encoder>
           	<pattern>${CONSOLE_LOG_PATTERN}</pattern>
            <charset>utf8</charset>
        </encoder>
    </appender>
    
    <logger name="org.springframework.data.mybatis" level="DEBUG"/>
    <logger name="org.springframework.aop.aspectj" level="ERROR"/>

    <logger name="javax.activation" level="WARN"/>
    <logger name="javax.mail" level="WARN"/>
    <logger name="javax.xml.bind" level="WARN"/>
    <logger name="ch.qos.logback" level="INFO"/>
    <logger name="com.codahale.metrics" level="WARN"/>
    <logger name="com.ryantenney" level="WARN"/>
    <logger name="com.sun" level="WARN"/>
    <logger name="com.zaxxer" level="WARN"/>
    <logger name="io.undertow" level="WARN"/>
    <logger name="org.apache" level="WARN"/>
    <logger name="org.apache.catalina.startup.DigesterFactory" level="OFF"/>
    <logger name="org.bson" level="WARN"/>
    <logger name="org.hibernate.validator" level="WARN"/>
    <logger name="org.hibernate" level="WARN"/>
    <logger name="org.hibernate.ejb.HibernatePersistence" level="OFF"/>
    <logger name="org.springframework.web" level="INFO"/>
    <logger name="org.springframework.security" level="WARN"/>
    <logger name="org.springframework.cache" level="WARN"/>
    <logger name="org.thymeleaf" level="WARN"/>
    <logger name="org.xnio" level="WARN"/>
    <logger name="springfox" level="WARN"/>
    <logger name="sun.rmi" level="WARN"/>
    <logger name="liquibase" level="WARN"/>
    <logger name="sun.rmi.transport" level="WARN"/>

    <logger name="jdbc.connection" level="ERROR"/>
    <logger name="jdbc.resultset" level="ERROR"/>
    <logger name="jdbc.resultsettable" level="INFO"/>
    <logger name="jdbc.audit" level="ERROR"/>
    <logger name="jdbc.sqltiming" level="ERROR"/>
    <logger name="jdbc.sqlonly" level="INFO"/>
    
    <logger name="com.coxautodev.graphql" level="INFO"/>
    <logger name="graphql" level="INFO"/>
    <logger name="com.aobei.train.mapper" level="INFO"/>

    <springProfile name="pro">
        <root level="INFO">
            <appender-ref ref="FILE"/>
        </root>
    </springProfile>
    
    <springProfile name="uat">
        <root level="INFO">
            <appender-ref ref="FILE"/>
        </root>
    </springProfile>
    
    <springProfile name="test">
        <root level="INFO">
            <appender-ref ref="FILE"/>
            <!--<appender-ref ref="CONSOLE"/>-->
        </root>
        <logger name="com.aobei.train.mapper" level="DEBUG"/>
    </springProfile>

    <springProfile name="dev">
        <root level="INFO">
           	<appender-ref ref="FILE"/>
            <appender-ref ref="CONSOLE"/>
        </root>
        <logger name="com.aobei.train.mapper" level="DEBUG"/>
    </springProfile>

</configuration>